City_ID,City,Country,Date,Lat,Lng,Max Temp,Humidity,Cloudiness,Wind Speed
0,Taoudenni,ML,2020-08-16 23:06:45,22.68,-3.98,105.39,7,0,12.59
1,Tongren,CN,2020-08-16 23:06:45,27.72,109.19,73.51,86,18,1.12
2,Hermanus,ZA,2020-08-16 23:06:46,-34.42,19.23,44.01,91,100,1.01
3,Nuuk,GL,2020-08-16 23:06:46,64.18,-51.72,53.6,46,0,6.93
4,Norman Wells,CA,2020-08-16 23:03:56,65.28,-126.83,57.2,67,75,4.7
5,Atuona,PF,2020-08-16 23:06:47,-9.8,-139.03,78.28,75,5,16.11
6,Chokurdakh,RU,2020-08-16 23:06:47,70.63,147.92,40.71,93,100,10.51
7,Sao Filipe,CV,2020-08-16 23:06:47,14.9,-24.5,80.01,80,88,9.78
8,Port Lincoln,AU,2020-08-16 23:06:47,-34.73,135.87,57.72,56,84,17.4
9,Albany,US,2020-08-16 23:06:45,42.6,-73.97,75.0,60,27,6.87
10,San Policarpo,PH,2020-08-16 23:06:48,12.18,125.51,80.37,82,97,3.67
11,Neftcala,AZ,2020-08-16 23:06:48,39.37,49.25,72.63,58,11,7.07
12,Isangel,VU,2020-08-16 23:06:48,-19.55,169.27,75.2,83,90,12.19
13,Thompson,CA,2020-08-16 23:06:49,55.74,-97.86,60.8,59,75,11.41
14,Butaritari,KI,2020-08-16 23:05:51,3.07,172.79,81.1,63,99,1.12
15,Santa Rosa,PH,2020-08-16 23:06:49,14.31,121.11,79.0,94,69,6.93
16,Coquimbo,CL,2020-08-16 23:05:23,-29.95,-71.34,51.8,81,20,9.17
17,Yellowknife,CA,2020-08-16 23:04:45,62.46,-114.35,62.01,58,75,10.29
18,Namibe,AO,2020-08-16 23:06:50,-15.2,12.15,62.6,87,73,4.88
19,Inhambane,MZ,2020-08-16 23:06:50,-23.86,35.38,70.43,77,33,17.36
20,Fortuna,US,2020-08-16 23:04:41,40.6,-124.16,73.99,68,38,1.99
21,Mpanda,TZ,2020-08-16 23:06:50,-6.37,31.04,66.25,49,83,1.3
22,Busselton,AU,2020-08-16 23:06:50,-33.65,115.33,46.99,85,96,17.25
23,Jamestown,US,2020-08-16 23:05:45,42.1,-79.24,71.6,73,90,3.36
24,Maceio,BR,2020-08-16 23:03:34,-9.67,-35.74,71.6,94,75,2.24
25,Kapaa,US,2020-08-16 23:06:51,22.08,-159.32,82.4,74,90,11.41
26,Longyearbyen,SJ,2020-08-16 23:06:51,78.22,15.64,44.6,70,75,4.7
27,Naryan-Mar,RU,2020-08-16 23:06:52,67.67,53.09,50.27,93,100,7.67
28,Bonavista,CA,2020-08-16 23:06:52,48.65,-53.11,57.0,83,0,1.99
29,Sur,OM,2020-08-16 23:06:52,22.57,59.53,89.38,56,97,6.44
30,Somova,RO,2020-08-16 23:06:52,45.18,28.67,63.0,67,3,3.38
31,Rikitea,PF,2020-08-16 23:06:53,-23.12,-134.97,70.36,79,1,12.33
32,Tasiilaq,GL,2020-08-16 23:03:04,65.61,-37.64,48.2,76,100,25.28
33,Mar Del Plata,AR,2020-08-16 23:06:53,-38.0,-57.56,51.8,50,90,13.87
34,Hithadhoo,MV,2020-08-16 23:06:54,-0.6,73.08,83.62,69,87,4.12
35,Mataura,NZ,2020-08-16 23:06:54,-46.19,168.86,41.0,98,80,3.0
36,Ulaangom,MN,2020-08-16 23:06:54,49.98,92.07,58.03,71,96,0.89
37,Marsa Matruh,EG,2020-08-16 23:04:19,31.35,27.25,77.0,88,20,6.93
38,Upata,VE,2020-08-16 23:06:55,8.01,-62.4,81.0,83,97,4.0
39,Cam Ranh,VN,2020-08-16 23:06:55,11.92,109.16,80.6,88,20,2.24
40,Arrecife,ES,2020-08-16 23:06:55,28.96,-13.55,73.4,78,20,24.16
41,Kodiak,US,2020-08-16 23:06:55,57.79,-152.41,75.2,36,1,11.41
42,Pitimbu,BR,2020-08-16 23:06:56,-7.47,-34.81,75.2,88,24,5.82
43,Mikuni,JP,2020-08-16 23:06:56,36.22,136.15,78.8,83,75,5.82
44,Hilo,US,2020-08-16 23:06:56,19.73,-155.09,84.2,62,20,12.75
45,Qaanaaq,GL,2020-08-16 23:06:57,77.48,-69.36,39.06,70,3,2.26
46,Puerto Ayora,EC,2020-08-16 23:05:52,-0.74,-90.35,70.0,80,36,1.99
47,Kaeo,NZ,2020-08-16 23:06:57,-35.1,173.78,57.99,3,100,7.0
48,Victoria,HK,2020-08-16 23:06:58,22.29,114.16,82.0,78,12,8.01
49,Gushikawa,JP,2020-08-16 23:06:58,26.35,127.87,86.0,88,20,10.6
50,Punta Arenas,CL,2020-08-16 23:06:58,-53.15,-70.92,35.6,80,75,18.34
51,Bambous Virieux,MU,2020-08-16 23:06:58,-20.34,57.76,71.6,73,40,14.99
52,Ribeira Grande,PT,2020-08-16 23:06:59,38.52,-28.7,74.25,88,75,22.21
53,Port Hardy,CA,2020-08-16 23:06:59,50.7,-127.42,68.0,77,75,4.7
54,East London,ZA,2020-08-16 23:06:59,-33.02,27.91,53.42,59,29,12.03
55,Georgetown,MY,2020-08-16 23:06:59,5.41,100.34,78.8,94,20,3.76
56,Doha,QA,2020-08-16 23:03:16,25.29,51.53,95.0,36,22,3.36
57,Dymer,UA,2020-08-16 23:07:00,50.79,30.3,64.99,55,0,4.47
58,Xinxiang,CN,2020-08-16 23:07:00,35.31,113.87,79.0,74,76,6.49
59,Cidreira,BR,2020-08-16 23:07:00,-30.18,-50.21,55.17,66,46,7.45
60,Clyde River,CA,2020-08-16 23:05:58,70.47,-68.59,41.0,86,90,20.8
61,Hamilton,US,2020-08-16 23:07:01,39.18,-84.53,82.99,48,20,11.41
62,Tiksi,RU,2020-08-16 23:07:01,71.69,128.87,45.5,70,1,3.0
63,Caravelas,BR,2020-08-16 23:04:42,-17.71,-39.25,73.94,89,1,6.91
64,Arraial Do Cabo,BR,2020-08-16 23:07:01,-22.97,-42.03,71.31,90,93,16.87
65,Tutoia,BR,2020-08-16 23:07:02,-2.76,-42.27,79.88,72,27,14.34
66,Cedar Falls,US,2020-08-16 23:04:33,42.53,-92.45,87.8,35,1,5.82
67,Castro,BR,2020-08-16 23:07:02,-24.79,-50.01,59.95,94,91,6.89
68,Bredasdorp,ZA,2020-08-16 23:07:02,-34.53,20.04,46.4,81,99,4.7
69,Ushuaia,AR,2020-08-16 23:04:18,-54.8,-68.3,33.8,80,75,29.97
70,Myitkyina,MM,2020-08-16 23:07:03,25.38,97.4,73.27,97,100,1.41
71,Banda Aceh,ID,2020-08-16 23:07:03,5.56,95.32,79.47,79,17,8.72
72,Calama,CL,2020-08-16 23:04:21,-22.47,-68.93,60.8,10,0,24.16
73,Bengkulu,ID,2020-08-16 23:07:04,-3.8,102.27,75.42,84,51,4.14
74,Hasaki,JP,2020-08-16 23:07:04,35.73,140.83,88.0,83,75,3.36
75,Abha,SA,2020-08-16 23:07:04,18.22,42.51,73.4,68,94,2.93
76,Carnarvon,AU,2020-08-16 23:07:03,-24.87,113.63,50.0,100,40,6.93
77,Tuktoyaktuk,CA,2020-08-16 23:07:05,69.45,-133.04,51.8,87,90,8.05
78,Vaini,TO,2020-08-16 23:07:05,-21.2,-175.2,71.6,68,75,9.17
79,Pisco,PE,2020-08-16 23:06:17,-13.7,-76.22,66.2,72,36,9.17
80,Pochutla,MX,2020-08-16 23:07:06,15.74,-96.47,86.0,70,90,9.08
81,Kavieng,PG,2020-08-16 23:07:06,-2.57,150.8,83.71,74,43,10.92
82,Codrington,AU,2020-08-16 23:07:06,-38.27,141.97,46.0,88,93,8.41
83,Tura,IN,2020-08-16 23:02:12,25.52,90.22,75.07,97,100,6.13
84,Portland,US,2020-08-16 23:04:10,45.52,-122.68,95.0,31,75,4.7
85,Yeppoon,AU,2020-08-16 23:07:07,-23.13,150.73,60.8,55,0,5.23
86,Constitucion,CL,2020-08-16 23:07:07,-35.33,-72.42,48.36,79,52,12.21
87,Bilibino,RU,2020-08-16 23:07:08,68.05,166.44,41.34,71,100,12.95
88,Am Timan,TD,2020-08-16 23:07:08,11.03,20.28,71.87,96,100,5.35
89,Nouadhibou,MR,2020-08-16 23:07:08,20.93,-17.03,75.2,69,9,18.34
90,Luderitz,NA,2020-08-16 23:07:08,-26.65,15.16,56.48,52,0,17.38
91,Bethel,US,2020-08-16 23:07:09,41.37,-73.41,66.2,88,90,9.17
92,Kualakapuas,ID,2020-08-16 23:07:09,-3.01,114.39,77.0,100,74,2.24
93,Pacific Grove,US,2020-08-16 23:07:09,36.62,-121.92,91.99,31,1,5.82
94,Kostyantynivka,UA,2020-08-16 23:07:09,48.53,37.71,60.76,59,0,4.97
95,Vila Velha,BR,2020-08-16 23:02:11,-20.33,-40.29,79.0,88,40,10.29
96,Ugoofaaru,MV,2020-08-16 23:07:10,5.67,73.0,82.24,77,97,6.85
97,Uglovskoye,RU,2020-08-16 23:07:10,51.36,80.19,60.21,72,94,6.2
98,Waitara,NZ,2020-08-16 23:07:10,-38.92,174.25,46.99,67,16,5.01
99,Bluff,NZ,2020-08-16 23:07:11,-46.6,168.33,41.0,98,81,3.0
100,Airai,TL,2020-08-16 23:07:11,-8.93,125.41,62.15,61,1,2.68
101,Drumheller,CA,2020-08-16 23:07:11,51.46,-112.71,89.01,44,0,6.64
102,Choix,MX,2020-08-16 23:07:11,26.71,-108.32,96.53,40,11,7.02
103,Finschhafen,PG,2020-08-16 23:07:12,-6.6,147.87,80.92,61,0,7.29
104,Zaykovo,RU,2020-08-16 23:07:12,57.56,62.76,57.69,97,100,10.76
105,Ukiah,US,2020-08-16 23:02:49,39.15,-123.21,104.0,19,1,13.87
106,Mlonggo,ID,2020-08-16 23:07:12,-6.53,110.7,76.82,83,20,6.76
107,Chunoyar,RU,2020-08-16 23:07:13,57.45,97.32,49.89,69,75,5.39
108,Arrifes,PT,2020-08-16 23:07:13,37.77,-25.7,73.4,88,75,13.87
109,Nemuro,JP,2020-08-16 23:07:13,43.32,145.57,65.32,85,2,7.0
110,Saskylakh,RU,2020-08-16 23:07:14,71.92,114.08,58.08,51,52,0.81
111,Mendeleyevo,RU,2020-08-16 23:07:14,56.03,37.22,60.8,87,41,8.95
112,Ilulissat,GL,2020-08-16 23:07:14,69.22,-51.1,41.0,60,0,5.82
113,Kudahuvadhoo,MV,2020-08-16 23:07:14,2.67,72.89,82.98,71,95,4.41
114,Marystown,CA,2020-08-16 23:07:15,47.17,-55.15,59.43,78,0,6.51
115,Victor Harbor,AU,2020-08-16 23:07:15,-35.57,138.62,46.0,93,21,12.8
116,Belaya Gora,RU,2020-08-16 23:07:15,68.53,146.42,45.93,69,95,12.95
117,Gemena,CD,2020-08-16 23:07:15,3.25,19.77,71.13,96,100,1.21
118,Hovd,MN,2020-08-16 23:06:56,48.01,91.64,56.75,67,100,7.47
119,San Pedro,PH,2020-08-16 23:07:16,14.35,121.02,79.0,94,74,6.93
120,Pedasi,PA,2020-08-16 23:07:16,7.53,-80.03,80.42,80,100,10.94
121,Lebu,CL,2020-08-16 23:06:00,-37.62,-73.65,49.06,85,80,4.38
122,Khatanga,RU,2020-08-16 23:07:16,71.97,102.5,61.03,84,90,2.24
123,Grindavik,IS,2020-08-16 23:07:17,63.84,-22.43,53.6,100,75,14.99
124,Kununurra,AU,2020-08-16 23:07:17,-15.77,128.73,68.0,54,0,4.7
125,Kandava,LV,2020-08-16 23:07:17,57.04,22.77,58.33,95,0,3.89
126,Alice Town,BS,2020-08-16 23:07:18,25.72,-79.3,85.35,60,0,4.07
127,Hobart,AU,2020-08-16 23:07:18,-42.88,147.33,51.8,93,75,5.82
128,Kamaishi,JP,2020-08-16 23:07:18,39.27,141.88,75.96,73,100,1.12
129,New Norfolk,AU,2020-08-16 23:07:18,-42.78,147.06,51.01,90,100,1.83
130,Lebanon,US,2020-08-16 23:02:57,36.21,-86.29,87.8,55,20,9.17
131,Koungheul,SN,2020-08-16 23:07:19,13.98,-14.8,82.27,77,77,10.54
132,Sao Joao Da Barra,BR,2020-08-16 23:05:55,-21.64,-41.05,73.24,90,98,2.84
133,Chuy,UY,2020-08-16 23:07:19,-33.7,-53.46,46.9,71,0,7.45
134,Narsaq,GL,2020-08-16 23:07:20,60.92,-46.05,55.4,47,0,6.93
135,Kruisfontein,ZA,2020-08-16 23:07:20,-34.0,24.73,46.99,69,99,1.01
136,Eltham,NZ,2020-08-16 23:07:20,-39.43,174.3,50.0,80,0,3.0
137,Margate,GB,2020-08-16 23:03:03,51.38,1.39,66.0,95,10,1.01
138,Salalah,OM,2020-08-16 23:07:21,17.02,54.09,77.0,94,90,5.82
139,Husavik,IS,2020-08-16 23:07:21,66.04,-17.34,55.4,87,61,1.12
140,Howard Springs,AU,2020-08-16 23:07:21,-12.5,131.05,80.01,78,75,4.7
141,Sobolevo,RU,2020-08-16 23:07:21,54.43,31.9,59.29,90,1,6.55
142,Avarua,CK,2020-08-16 23:07:22,-21.21,-159.78,73.4,69,27,6.93
143,Brownwood,US,2020-08-16 23:05:43,31.71,-98.99,102.2,17,1,10.29
144,Eureka,US,2020-08-16 23:02:39,40.8,-124.16,75.0,76,32,3.0
145,Gallup,US,2020-08-16 23:07:22,35.53,-108.74,93.2,6,1,5.82
146,Saint Anthony,US,2020-08-16 23:07:23,45.02,-93.22,84.0,39,1,7.23
147,Kathu,TH,2020-08-16 23:07:23,7.92,98.33,84.99,94,40,6.73
148,Asfi,MA,2020-08-16 23:05:53,32.3,-9.24,68.72,77,0,19.39
149,Vao,NC,2020-08-16 23:07:24,-22.67,167.48,71.56,85,13,18.34
150,Geraldton,AU,2020-08-16 23:07:24,-28.77,114.6,57.2,76,40,12.75
151,Mayumba,GA,2020-08-16 23:07:24,-3.43,10.66,73.69,89,100,8.5
152,Torbay,CA,2020-08-16 23:05:14,47.67,-52.73,62.6,55,5,9.17
153,Luebo,CD,2020-08-16 23:07:25,-5.35,21.42,79.25,51,64,1.34
154,Montevideo,UY,2020-08-16 23:07:25,-34.83,-56.17,53.6,46,0,9.17
155,Walvis Bay,NA,2020-08-16 23:05:52,-22.96,14.51,54.0,87,0,10.29
156,San Quintin,MX,2020-08-16 23:07:25,30.48,-115.95,79.93,58,60,9.62
157,Cape Town,ZA,2020-08-16 23:04:39,-33.93,18.42,45.0,93,100,6.93
158,Ambon,ID,2020-08-16 23:05:52,-3.7,128.18,80.6,78,40,8.05
159,Santa Maria,BR,2020-08-16 23:07:26,-29.68,-53.81,51.8,87,64,2.24
160,Saumur,FR,2020-08-16 23:07:26,47.33,-0.25,63.0,93,75,3.36
161,Suntar,RU,2020-08-16 23:07:27,62.14,117.63,50.0,65,23,3.15
162,Mehamn,NO,2020-08-16 23:07:27,71.04,27.85,46.4,81,75,25.28
163,Fort Nelson,CA,2020-08-16 23:07:28,58.81,-122.7,66.2,77,90,2.1
164,Saint-Philippe,RE,2020-08-16 23:07:28,-21.36,55.77,66.2,63,40,6.93
165,Villazon,BO,2020-08-16 23:07:28,-22.09,-65.59,45.59,29,10,16.22
166,Dzilam Gonzalez,MX,2020-08-16 23:07:28,21.28,-88.93,85.14,69,100,8.61
167,Hobyo,SO,2020-08-16 23:07:29,5.35,48.53,75.85,79,47,20.6
168,Souillac,MU,2020-08-16 23:07:29,-20.52,57.52,71.6,73,40,14.99
169,Saldanha,ZA,2020-08-16 23:07:29,-33.01,17.94,44.6,81,100,1.12
170,Adrar,MR,2020-08-16 23:07:29,20.5,-10.07,102.45,16,72,6.4
171,Khandyga,RU,2020-08-16 23:07:30,62.67,135.6,50.34,47,98,4.65
172,Oranjestad,AW,2020-08-16 23:07:30,12.52,-70.03,86.0,74,20,14.99
173,Mirabad,AF,2020-08-16 23:07:30,30.44,61.84,79.57,35,16,17.81
174,Mareeba,AU,2020-08-16 23:07:31,-17.0,145.43,71.01,64,64,1.12
175,Ondjiva,AO,2020-08-16 23:07:31,-17.07,15.73,63.05,27,0,4.23
176,Balkhash,KZ,2020-08-16 23:07:31,46.84,74.98,75.18,35,67,13.29
177,Balad,IQ,2020-08-16 23:07:32,34.02,44.15,85.12,14,0,11.48
178,Vredendal,ZA,2020-08-16 23:07:32,-31.67,18.5,48.06,73,79,4.36
179,Hami,CN,2020-08-16 23:07:32,42.8,93.45,71.26,23,0,3.2
180,Saint-Pierre,RE,2020-08-16 23:07:32,-21.34,55.48,66.2,63,48,6.93
181,Shatalovo,RU,2020-08-16 23:07:33,54.33,32.45,58.96,90,0,6.58
182,Leningradskiy,RU,2020-08-16 23:07:33,69.38,178.42,45.64,90,100,4.23
183,Kahului,US,2020-08-16 23:07:33,20.89,-156.47,87.8,55,20,20.8
184,Paratinga,BR,2020-08-16 23:04:21,-12.69,-43.18,79.65,31,34,4.47
185,Malakal,SS,2020-08-16 23:07:34,9.53,31.66,72.59,94,98,3.11
186,Azare,NG,2020-08-16 23:07:34,11.68,10.19,76.66,80,99,9.4
187,Kyabe,TD,2020-08-16 23:07:34,9.45,18.94,71.33,97,98,3.87
188,Mitsamiouli,KM,2020-08-16 23:07:34,-11.38,43.28,75.51,79,63,7.02
189,Slave Lake,CA,2020-08-16 23:07:35,55.28,-114.77,80.6,47,1,8.05
190,Imeni Poliny Osipenko,RU,2020-08-16 23:07:35,52.42,136.49,55.45,92,98,11.36
191,Leshukonskoye,RU,2020-08-16 23:07:35,64.9,45.76,41.85,97,1,4.5
192,Provideniya,RU,2020-08-16 23:07:36,64.38,-173.3,60.8,63,100,8.95
193,Huarmey,PE,2020-08-16 23:07:36,-10.07,-78.15,63.14,76,66,10.0
194,Nordby,DK,2020-08-16 23:07:36,55.45,8.4,66.2,77,0,5.82
195,Huadian,CN,2020-08-16 23:07:37,42.96,126.75,69.58,84,85,3.67
196,Maniitsoq,GL,2020-08-16 23:07:37,65.42,-52.9,47.75,66,2,10.98
197,Pitlochry,GB,2020-08-16 23:07:37,56.71,-3.73,55.99,90,89,1.97
198,Tabas,IR,2020-08-16 23:07:38,33.6,56.92,87.8,19,0,4.7
199,Hambantota,LK,2020-08-16 23:07:38,6.12,81.12,78.85,81,98,16.2
200,Pilar,BR,2020-08-16 23:07:38,-9.6,-35.96,71.6,94,75,2.24
201,Puteyets,RU,2020-08-16 23:07:38,65.17,57.09,51.76,65,52,10.2
202,Dromolaxia,CY,2020-08-16 23:07:39,34.88,33.59,78.8,61,0,10.29
203,Mantua,IT,2020-08-16 23:07:39,45.17,10.78,73.99,83,91,1.99
204,Gizo,SB,2020-08-16 23:07:39,-8.1,156.84,82.76,74,59,8.55
205,Lunino,RU,2020-08-16 23:07:39,53.59,45.23,57.0,52,65,4.65
206,Buala,SB,2020-08-16 23:07:40,-8.14,159.59,84.24,68,3,0.87
207,Anakapalle,IN,2020-08-16 23:07:11,17.68,83.02,77.0,94,90,6.93
208,Port Elizabeth,ZA,2020-08-16 23:07:40,-33.92,25.57,48.2,76,82,9.17
209,Havoysund,NO,2020-08-16 23:07:41,71.0,24.66,44.6,87,75,41.38
210,Seymchan,RU,2020-08-16 23:07:41,62.88,152.43,50.32,60,100,8.81
211,Severo-Kurilsk,RU,2020-08-16 23:07:41,50.68,156.12,51.96,87,67,6.11
212,Manjacaze,MZ,2020-08-16 23:07:41,-24.71,33.88,67.5,71,87,11.27
213,Baruun-Urt,MN,2020-08-16 23:07:42,46.68,113.28,63.1,86,100,6.4
214,Gornopravdinsk,RU,2020-08-16 23:07:42,60.05,69.9,54.68,78,100,7.92
215,Padang,ID,2020-08-16 23:07:42,-0.95,100.35,76.71,76,21,4.76
216,Barrow,US,2020-08-16 23:07:43,71.29,-156.79,41.0,86,90,11.41
217,Karwar,IN,2020-08-16 23:07:43,14.8,74.13,78.4,88,98,12.39
218,Port Alfred,ZA,2020-08-16 23:07:43,-33.59,26.89,51.26,70,47,12.3
219,Bathsheba,BB,2020-08-16 23:07:43,13.22,-59.52,82.4,78,40,18.34
220,Westport,US,2020-08-16 23:05:46,41.14,-73.36,68.0,98,100,12.8
221,Angoche,MZ,2020-08-16 23:07:44,-16.23,39.91,71.56,92,0,6.62
222,Saint George,US,2020-08-16 23:03:28,37.1,-113.58,111.0,7,1,4.7
223,Ponta Do Sol,PT,2020-08-16 23:07:44,32.67,-17.1,73.4,69,20,11.41
224,Dunedin,NZ,2020-08-16 23:07:44,-45.87,170.5,46.0,80,46,4.0
225,Faya,SA,2020-08-16 23:07:45,18.39,42.45,73.4,68,82,2.19
226,Tocopilla,CL,2020-08-16 23:07:45,-22.09,-70.2,57.04,63,25,4.05
227,Jutai,BR,2020-08-16 23:07:45,-5.18,-68.9,77.38,85,74,2.35
228,Novyy Urengoy,RU,2020-08-16 23:07:11,66.08,76.63,52.59,97,78,1.48
229,Zhob,PK,2020-08-16 23:07:45,31.34,69.45,84.13,49,3,5.12
230,Pocinhos,BR,2020-08-16 23:07:46,-7.08,-36.06,64.51,97,42,9.19
231,Aflao,TG,2020-08-16 23:07:46,6.12,1.19,75.2,88,20,9.17
232,Barkhan,PK,2020-08-16 23:07:46,29.9,69.53,85.03,54,31,6.44
233,Nanortalik,GL,2020-08-16 23:07:46,60.14,-45.24,43.66,75,41,2.73
234,Delta Del Tigre,UY,2020-08-16 23:07:46,-34.76,-56.39,53.6,46,0,9.17
235,Sabang,ID,2020-08-16 23:07:47,5.89,95.32,83.25,73,20,12.41
236,Billings,US,2020-08-16 23:05:29,45.78,-108.5,95.0,11,20,5.82
237,Nikolskoye,RU,2020-08-16 23:07:47,59.7,30.79,60.8,63,0,2.82
238,Lucea,JM,2020-08-16 23:07:48,18.45,-78.17,87.8,70,75,8.05
239,La Ronge,CA,2020-08-16 23:07:48,55.1,-105.28,68.0,52,75,12.75
240,Cherskiy,RU,2020-08-16 23:07:48,68.75,161.3,44.47,70,89,14.45
241,Aklavik,CA,2020-08-16 23:07:49,68.22,-135.01,51.8,81,90,5.82
242,Peravurani,IN,2020-08-16 23:07:49,10.3,79.18,80.94,83,100,3.24
243,Half Moon Bay,US,2020-08-16 23:07:49,37.46,-122.43,91.0,72,1,12.75
244,Tazovskiy,RU,2020-08-16 23:07:49,67.47,78.7,53.15,97,62,7.14
245,Dikson,RU,2020-08-16 23:07:50,73.51,80.55,44.96,95,100,13.18
246,Sitka,US,2020-08-16 23:07:28,57.05,-135.33,59.0,82,90,3.98
247,Port Blair,IN,2020-08-16 23:04:41,11.67,92.75,80.74,80,67,10.22
248,Avera,US,2020-08-16 23:07:50,33.19,-82.53,87.8,58,1,6.93
249,Sechura,PE,2020-08-16 23:07:51,-5.56,-80.82,67.03,70,68,18.12
250,Monte Patria,CL,2020-08-16 23:07:51,-30.69,-70.95,60.71,41,0,2.42
251,Petropavlovsk-Kamchatskiy,RU,2020-08-16 23:03:14,53.05,158.65,62.6,77,20,4.47
252,Bendigo,AU,2020-08-16 23:07:51,-36.77,144.28,46.0,91,0,2.13
253,Grand-Lahou,CI,2020-08-16 23:07:52,5.14,-5.02,72.32,89,1,7.78
254,Lagoa,PT,2020-08-16 23:03:03,39.05,-27.98,74.16,87,97,27.2
255,Tupancireta,BR,2020-08-16 23:07:53,-29.08,-53.84,47.07,78,77,7.56
256,Nadym,RU,2020-08-16 23:07:53,65.53,72.52,45.61,95,98,2.24
257,Mercedes,AR,2020-08-16 23:07:53,-34.65,-59.43,62.01,42,0,1.99
258,Ayorou,NE,2020-08-16 23:07:54,14.73,0.92,89.85,47,7,8.5
259,Rusape,ZW,2020-08-16 23:07:54,-18.53,32.13,58.39,32,0,6.78
260,Hokitika,NZ,2020-08-16 23:07:54,-42.72,170.97,51.53,54,0,3.85
261,Mizdah,LY,2020-08-16 23:07:55,31.45,12.98,77.43,38,0,5.93
262,Morondava,MG,2020-08-16 23:07:55,-20.28,44.28,67.82,75,0,5.3
263,Katsuura,JP,2020-08-16 23:07:55,35.13,140.3,87.01,78,71,5.21
264,Loreto,MX,2020-08-16 23:07:55,22.27,-101.97,74.77,45,74,20.04
265,Port Hawkesbury,CA,2020-08-16 23:07:56,45.62,-61.35,66.2,68,1,8.05
266,Guiratinga,BR,2020-08-16 23:07:56,-16.35,-53.76,81.52,28,29,3.91
267,Te Anau,NZ,2020-08-16 23:03:11,-45.42,167.72,39.56,82,75,0.74
268,Chase,CA,2020-08-16 23:07:57,50.82,-119.69,95.0,28,0,1.74
269,Rafaela,AR,2020-08-16 23:06:11,-31.25,-61.49,57.0,30,0,1.99
270,Lompoc,US,2020-08-16 23:07:24,34.64,-120.46,80.6,54,1,16.11
271,Tramore,IE,2020-08-16 23:05:51,52.16,-7.15,63.0,91,100,4.09
272,Komsomolskiy,UZ,2020-08-16 23:07:58,40.43,71.72,78.8,36,21,11.41
273,Raga,SS,2020-08-16 23:07:58,8.46,25.68,70.9,95,100,3.94
274,Portel,BR,2020-08-16 23:07:58,-1.94,-50.82,85.19,53,69,2.28
275,Tamworth,GB,2020-08-16 23:07:58,52.63,-1.7,60.8,100,90,5.82
276,Pevek,RU,2020-08-16 23:07:59,69.7,170.31,41.07,83,21,16.26
277,Itarema,BR,2020-08-16 23:07:59,-2.92,-39.92,77.97,77,75,15.35
278,Xai-Xai,MZ,2020-08-16 23:07:59,-25.05,33.64,67.55,77,53,16.8
279,San Patricio,MX,2020-08-16 23:07:59,19.22,-104.7,86.0,74,20,11.41
280,Iqaluit,CA,2020-08-16 23:08:00,63.75,-68.51,46.4,93,20,18.34
281,Liverpool,GB,2020-08-16 23:08:00,53.41,-2.98,60.01,65,100,9.42
282,Kasama,ZM,2020-08-16 23:08:00,-10.21,31.18,54.79,51,71,3.94
283,Pula,HR,2020-08-16 23:08:00,44.87,13.85,69.8,83,31,1.12
284,Yelizovo,RU,2020-08-16 23:08:01,53.19,158.38,62.6,77,20,4.47
285,Adre,TD,2020-08-16 23:08:01,13.47,22.2,73.45,75,100,8.48
286,Fernie,CA,2020-08-16 23:08:01,49.5,-115.07,93.2,18,20,6.93
287,Karasburg,NA,2020-08-16 23:08:02,-28.02,18.75,44.17,52,0,13.22
288,Deep River,CA,2020-08-16 23:08:02,46.1,-77.5,66.99,93,75,2.98
289,Balkanabat,TM,2020-08-16 23:08:02,39.51,54.37,79.65,23,5,10.85
290,Flin Flon,CA,2020-08-16 23:08:02,54.77,-101.86,64.4,52,75,10.29
291,Umm Lajj,SA,2020-08-16 23:08:02,25.02,37.27,84.58,62,0,6.06
292,Guerrero Negro,MX,2020-08-16 23:08:03,27.98,-114.06,86.79,46,0,16.78
293,Arcata,US,2020-08-16 23:05:23,40.87,-124.08,75.0,72,1,8.05
294,Vila Franca Do Campo,PT,2020-08-16 23:03:31,37.72,-25.43,73.4,88,75,13.87
295,Maridi,SS,2020-08-16 23:08:03,4.92,29.47,68.27,96,53,2.44
296,Marsabit,KE,2020-08-16 23:08:03,2.33,37.99,64.22,79,23,20.22
297,Sulgen,CH,2020-08-16 23:08:04,47.54,9.19,69.8,68,100,4.7
298,Kampene,CD,2020-08-16 23:08:04,-3.6,26.67,74.01,62,82,1.3
299,Hays,US,2020-08-16 23:08:04,30.05,-98.03,102.99,29,65,1.01
300,Bandarbeyla,SO,2020-08-16 23:08:05,9.49,50.81,75.42,78,16,30.4
301,Talnakh,RU,2020-08-16 23:08:05,69.49,88.4,57.2,58,72,6.71
302,Faanui,PF,2020-08-16 23:06:06,-16.48,-151.75,77.65,71,1,12.24
303,San Cristobal,VE,2020-08-16 23:08:05,7.77,-72.22,86.0,55,40,11.41
304,Matara,LK,2020-08-16 23:08:05,5.95,80.54,76.46,89,97,7.14
305,Watertown,US,2020-08-16 23:07:11,42.37,-71.18,68.0,88,90,10.29
306,Jimma,ET,2020-08-16 23:08:06,7.67,36.83,60.33,90,71,2.48
307,Hare Bay,CA,2020-08-16 23:08:06,48.85,-54.01,75.2,29,5,5.82
308,Vicksburg,US,2020-08-16 23:08:06,32.35,-90.88,96.8,56,1,3.36
309,San Joaquin,VE,2020-08-16 23:08:06,10.26,-67.79,76.46,87,59,5.39
310,Nosy Varika,MG,2020-08-16 23:08:07,-20.58,48.53,64.9,88,10,5.44
311,Seoul,KR,2020-08-16 23:08:03,37.57,126.98,80.6,83,90,4.81
312,Los Llanos De Aridane,ES,2020-08-16 23:08:07,28.66,-17.92,77.0,73,10,11.41
313,Uvarovka,RU,2020-08-16 23:08:08,55.53,35.61,57.92,95,6,7.58
314,Ipora,BR,2020-08-16 23:08:08,-16.44,-51.12,77.56,34,3,1.32
315,Moravsky Krumlov,CZ,2020-08-16 23:08:08,49.05,16.31,66.2,82,0,4.7
316,Naze,JP,2020-08-16 23:08:08,28.37,129.48,82.4,94,20,3.36
317,Goure,NE,2020-08-16 23:08:08,13.98,10.27,82.0,71,82,1.99
318,Esperance,AU,2020-08-16 23:08:09,-33.87,121.9,44.6,81,42,19.46
319,Moron,AR,2020-08-16 23:08:09,-34.65,-58.62,62.01,30,0,4.0
320,Pokhara,NP,2020-08-16 23:04:27,28.23,83.98,72.73,84,100,0.69
321,Cockburn Town,TC,2020-08-16 23:08:10,21.46,-71.14,86.0,74,40,11.41
322,Lumberton,US,2020-08-16 23:08:10,34.62,-79.01,77.0,83,90,8.05
323,Rawson,AR,2020-08-16 23:08:11,-43.3,-65.1,47.14,48,38,16.87
324,Diamantino,BR,2020-08-16 23:08:11,-14.41,-56.45,85.03,27,50,3.36
325,Kavaratti,IN,2020-08-16 23:08:12,10.57,72.64,81.64,81,99,16.87
326,Camacha,PT,2020-08-16 23:08:12,33.08,-16.33,71.6,78,20,8.05
327,Quatre Cocos,MU,2020-08-16 23:08:12,-20.21,57.76,71.6,73,40,14.99
328,Cervo,ES,2020-08-16 23:08:13,43.67,-7.41,63.0,91,71,6.15
329,Zyryanka,RU,2020-08-16 23:08:13,65.75,150.85,50.7,48,0,3.56
330,Nantucket,US,2020-08-16 23:03:52,41.28,-70.1,64.4,93,90,16.11
331,Bronnoysund,NO,2020-08-16 23:08:14,65.46,12.2,51.8,71,27,5.82
332,Djambala,CG,2020-08-16 23:08:14,-2.54,14.75,73.56,78,100,5.14
333,Honiara,SB,2020-08-16 23:08:15,-9.43,159.95,84.2,79,20,4.7
334,Luwuk,ID,2020-08-16 23:08:15,-0.95,122.79,77.31,77,54,7.34
335,Kedrovyy,RU,2020-08-16 23:08:15,56.17,91.82,51.8,87,100,2.24
336,Challans,FR,2020-08-16 23:08:15,46.84,-1.87,63.0,93,100,4.7
337,Tupiza,BO,2020-08-16 23:08:16,-21.45,-65.72,52.52,22,64,20.33
338,San Jose,US,2020-08-16 23:07:09,37.34,-121.89,102.0,32,40,13.87
339,Kupang,ID,2020-08-16 23:05:51,-10.17,123.58,69.8,94,20,3.36
340,Mangrol,IN,2020-08-16 23:08:16,21.12,70.12,81.68,84,100,15.48
341,Sioux Lookout,CA,2020-08-16 23:08:17,50.1,-91.92,68.0,56,75,12.75
342,Aykhal,RU,2020-08-16 23:08:17,66.0,111.5,51.8,50,31,4.47
343,Tuskegee,US,2020-08-16 23:08:17,32.42,-85.69,93.0,74,9,1.01
344,Alamosa,US,2020-08-16 23:08:17,37.47,-105.87,89.6,7,1,24.63
345,Praia Da Vitoria,PT,2020-08-16 23:03:50,38.73,-27.07,77.0,83,20,17.69
346,Aksarka,RU,2020-08-16 23:08:18,66.56,67.8,42.67,82,31,1.57
347,Omboue,GA,2020-08-16 23:08:18,-1.57,9.26,75.15,83,90,6.42
348,Kaitangata,NZ,2020-08-16 23:08:18,-46.28,169.85,46.99,86,96,3.29
349,Lata,PT,2020-08-16 23:08:19,40.16,-8.33,68.0,88,90,1.01
350,Jishu,CN,2020-08-16 23:08:19,44.32,126.8,71.53,74,99,3.4
351,Polyarnyy,RU,2020-08-16 23:08:19,69.2,33.45,48.2,70,40,6.71
352,Chapais,CA,2020-08-16 23:08:19,49.78,-74.85,66.2,82,90,9.17
353,Plettenberg Bay,ZA,2020-08-16 23:08:20,-34.05,23.37,49.21,73,100,4.81
354,Methoni,GR,2020-08-16 23:08:20,36.82,21.7,80.01,83,0,4.88
355,Harlingen,US,2020-08-16 23:08:20,26.19,-97.7,96.8,44,1,21.92
356,Kristinehamn,SE,2020-08-16 23:08:20,59.31,14.11,61.0,100,1,1.66
357,Amboasary,MG,2020-08-16 23:08:21,-25.03,46.38,68.31,57,0,5.32
358,Asau,RO,2020-08-16 23:08:21,46.43,26.4,62.01,91,100,1.77
359,North Bend,US,2020-08-16 23:05:06,43.41,-124.22,73.0,77,1,14.99
360,Lavrentiya,RU,2020-08-16 23:08:21,65.58,-171.0,54.5,63,100,7.58
361,Broken Hill,AU,2020-08-16 23:08:22,-31.95,141.43,46.4,75,3,9.17
362,Shambu,ET,2020-08-16 23:08:22,9.57,37.1,52.43,98,95,0.36
363,Ahipara,NZ,2020-08-16 23:08:22,-35.17,173.17,57.18,65,92,14.85
364,Yulara,AU,2020-08-16 23:08:22,-25.24,130.99,59.0,44,40,4.7
365,Palora,EC,2020-08-16 23:08:23,-1.7,-77.93,80.6,69,40,3.36
366,Zhigalovo,RU,2020-08-16 23:08:23,54.81,105.16,46.62,77,0,1.79
367,Dingle,PH,2020-08-16 23:08:23,11.0,122.67,78.39,86,39,1.88
368,Washougal,US,2020-08-16 23:07:46,45.58,-122.35,93.99,31,75,4.7
369,Jalu,LY,2020-08-16 23:08:24,29.03,21.55,84.9,37,0,13.65
370,Erzin,TR,2020-08-16 23:08:24,36.96,36.2,79.0,85,0,1.07
371,Beloha,MG,2020-08-16 23:08:24,-25.17,45.05,64.6,51,0,6.38
372,Saquarema,BR,2020-08-16 23:08:25,-22.92,-42.51,71.6,88,75,9.17
373,Mackay,AU,2020-08-16 23:08:25,-21.15,149.2,68.0,71,0,6.93
374,Haimen,CN,2020-08-16 23:08:25,23.19,116.61,77.0,88,4,2.24
375,Lalmohan,BD,2020-08-16 23:08:25,22.34,90.74,83.3,80,100,17.18
376,Katobu,ID,2020-08-16 23:08:25,-4.94,122.53,74.52,85,10,2.8
377,Envira,BR,2020-08-16 23:08:26,-7.3,-70.22,82.42,63,91,1.81
378,Acari,PE,2020-08-16 23:08:26,-15.43,-74.62,60.6,67,84,4.38
379,Alekseyevsk,RU,2020-08-16 23:08:26,57.84,108.35,47.62,68,0,7.45
380,Richards Bay,ZA,2020-08-16 23:08:27,-28.78,32.04,60.73,56,81,7.83
381,Razam,IN,2020-08-16 23:08:27,18.47,83.67,75.96,90,99,2.66
382,Belyy Yar,RU,2020-08-16 23:08:27,53.6,91.39,55.4,100,100,1.79
383,Kaniama,CD,2020-08-16 23:08:27,-7.57,24.18,70.0,27,15,3.62
384,Raymond,US,2020-08-16 23:08:28,43.9,-70.47,66.99,79,88,6.2
385,Duldurga,RU,2020-08-16 23:08:28,50.68,113.59,57.92,92,98,3.2
386,Ossora,RU,2020-08-16 23:08:28,59.24,163.07,61.97,59,13,13.2
387,Turukhansk,RU,2020-08-16 23:08:28,65.82,87.98,56.08,58,68,10.78
388,Nove Mesto Pod Smrkem,CZ,2020-08-16 23:08:28,50.92,15.23,60.01,86,0,3.29
389,Kilindoni,TZ,2020-08-16 23:08:29,-7.91,39.67,75.94,81,30,9.93
390,Bat Yam,IL,2020-08-16 23:08:29,32.02,34.75,78.8,74,0,4.7
391,Turka,UA,2020-08-16 23:08:29,49.15,23.03,63.0,98,51,3.0
392,Waipawa,NZ,2020-08-16 23:08:29,-41.41,175.52,48.99,70,48,6.93
393,Port Augusta,AU,2020-08-16 23:08:30,-32.5,137.77,57.2,54,46,14.99
394,Tual,ID,2020-08-16 23:08:30,-5.67,132.75,78.67,79,60,19.1
395,Touros,BR,2020-08-16 23:08:30,-5.2,-35.46,75.2,88,6,6.93
396,Baykit,RU,2020-08-16 23:08:30,61.67,96.37,48.81,70,89,2.8
397,Yarim,YE,2020-08-16 23:08:30,14.3,44.38,56.3,83,100,7.11
398,Anjangaon,IN,2020-08-16 23:05:21,21.16,77.31,75.92,89,100,9.17
399,Saint-Augustin,CA,2020-08-16 23:08:31,51.23,-58.65,68.77,56,0,16.8
400,Laki,BG,2020-08-16 23:08:31,41.85,24.82,66.2,77,75,0.96
401,San Angelo,US,2020-08-16 23:08:31,31.46,-100.44,104.0,20,75,8.05
402,Koumac,NC,2020-08-16 23:08:32,-20.57,164.28,74.88,76,83,4.41
403,Kirakira,SB,2020-08-16 23:08:32,-10.45,161.92,83.5,66,0,1.97
404,Atar,MR,2020-08-16 23:08:32,20.52,-13.05,102.16,16,63,3.67
405,Bilma,NE,2020-08-16 23:08:32,18.69,12.92,93.9,34,37,14.27
406,Mandalgovi,MN,2020-08-16 23:08:33,45.76,106.27,58.19,50,61,4.38
407,Ekhabi,RU,2020-08-16 23:08:33,53.51,142.97,56.57,90,100,9.64
408,Huautla,MX,2020-08-16 23:08:33,21.03,-98.28,79.3,86,70,6.42
409,Port Lavaca,US,2020-08-16 23:08:33,28.61,-96.63,93.0,64,22,5.99
410,Healesville,AU,2020-08-16 23:08:33,-37.65,145.52,50.0,95,93,1.86
411,Bad Doberan,DE,2020-08-16 23:08:34,54.11,11.9,70.0,68,20,4.7
412,Jieshi,CN,2020-08-16 23:08:34,22.81,115.83,81.0,81,76,7.45
413,Cap Malheureux,MU,2020-08-16 23:08:34,-19.98,57.61,70.0,76,25,5.01
414,Pedernales,DO,2020-08-16 23:08:34,18.04,-71.74,83.77,70,9,7.45
415,Tokoroa,NZ,2020-08-16 23:08:34,-38.23,175.87,52.0,67,9,1.99
416,Buraydah,SA,2020-08-16 23:08:35,26.33,43.98,89.6,25,69,6.93
417,Mahebourg,MU,2020-08-16 23:08:35,-20.41,57.7,71.6,73,40,14.99
418,Culpeper,US,2020-08-16 23:08:35,38.5,-77.97,75.2,64,40,2.44
419,Merauke,ID,2020-08-16 23:08:36,-8.47,140.33,75.51,78,7,10.65
420,Ondangwa,NA,2020-08-16 23:08:36,-17.92,15.95,68.0,22,0,4.7
421,Grand Gaube,MU,2020-08-16 23:08:36,-20.01,57.66,70.0,76,28,5.01
422,Opuwo,NA,2020-08-16 23:08:37,-18.06,13.84,55.67,57,0,4.12
423,Mednogorsk,RU,2020-08-16 23:08:37,51.41,57.59,53.49,94,32,11.65
424,Lodja,CD,2020-08-16 23:08:37,-3.48,23.43,80.17,57,71,3.27
425,Chau Doc,VN,2020-08-16 23:08:37,10.7,105.12,78.35,85,95,2.21
426,Puerto Penasco,MX,2020-08-16 23:08:37,31.32,-113.53,91.0,71,28,7.0
427,Henties Bay,NA,2020-08-16 23:08:38,-22.12,14.28,54.0,87,0,1.01
428,Deputatskiy,RU,2020-08-16 23:08:38,69.3,139.9,38.01,86,99,6.17
429,Juneau,US,2020-08-16 23:08:38,58.3,-134.42,57.99,93,90,10.29
430,Zelenoborsk,RU,2020-08-16 23:08:38,61.47,64.03,49.37,85,100,8.66
431,Kristiansund,NO,2020-08-16 23:08:26,63.11,7.73,55.4,87,0,11.41
432,Poum,NC,2020-08-16 23:08:39,-20.23,164.02,74.14,82,45,19.82
433,Noumea,NC,2020-08-16 23:06:17,-22.28,166.46,77.0,61,75,3.36
434,Wajima,JP,2020-08-16 23:08:39,37.4,136.9,79.21,89,83,10.16
435,Nanakuli,US,2020-08-16 23:08:39,21.39,-158.15,89.6,46,20,9.17
436,Boende,CD,2020-08-16 23:08:40,-0.22,20.87,73.69,94,100,1.28
437,Las Palmas,ES,2020-08-16 23:08:40,28.42,-14.01,73.4,69,0,13.87
438,Garowe,SO,2020-08-16 23:08:40,8.41,48.48,72.95,70,15,24.85
439,Natal,BR,2020-08-16 23:08:40,-5.79,-35.21,77.0,78,20,8.05
440,Kojnare,BG,2020-08-16 23:08:41,43.35,24.13,68.0,72,75,2.24
441,Mumford,GH,2020-08-16 23:08:41,5.26,-0.76,72.95,92,0,9.04
442,Paracuru,BR,2020-08-16 23:08:41,-3.41,-39.03,79.0,76,39,20.0
443,Hastings,GB,2020-08-16 23:08:41,50.86,0.57,61.0,99,74,6.98
444,Itamarandiba,BR,2020-08-16 23:08:42,-17.86,-42.86,65.39,79,14,4.54
445,Gbarnga,LR,2020-08-16 23:08:42,7.0,-9.47,67.84,96,68,3.4
446,Sitio Novo Do Tocantins,BR,2020-08-16 23:08:42,-5.52,-47.46,83.59,32,34,4.59
447,Lujan,AR,2020-08-16 23:08:42,-34.57,-59.1,62.01,31,0,8.05
448,Sinnamary,GF,2020-08-16 23:08:42,5.38,-52.95,80.06,82,100,9.6
449,Barra Do Garcas,BR,2020-08-16 23:08:43,-15.89,-52.26,82.56,29,36,4.0
450,Prince Rupert,CA,2020-08-16 23:08:43,54.32,-130.32,66.2,82,75,6.93
451,Gigmoto,PH,2020-08-16 23:08:43,13.78,124.39,81.25,80,83,1.28
452,Bousso,TD,2020-08-16 23:08:44,10.48,16.71,73.63,90,96,7.83
453,Manggar,ID,2020-08-16 23:08:44,-2.88,108.27,80.74,77,47,11.45
454,Cabedelo,BR,2020-08-16 23:06:45,-6.98,-34.83,75.2,88,14,5.82
455,Korfovskiy,RU,2020-08-16 23:08:45,48.22,135.06,64.4,77,40,8.95
456,Ust-Tsilma,RU,2020-08-16 23:08:45,65.44,52.15,51.1,94,100,5.84
457,Machiques,VE,2020-08-16 23:08:45,10.06,-72.55,81.59,81,62,6.78
458,Pearl,US,2020-08-16 23:08:45,32.27,-90.13,93.2,52,75,10.29
459,Golpayegan,IR,2020-08-16 23:08:46,33.45,50.29,62.46,55,0,0.87
460,Ouallam,NE,2020-08-16 23:08:46,14.32,2.09,86.09,59,31,13.33
461,Olafsvik,IS,2020-08-16 23:08:46,64.89,-23.71,54.21,88,77,4.12
462,Mokhotlong,LS,2020-08-16 23:08:46,-29.29,29.07,27.9,89,3,3.44
463,Yara,CU,2020-08-16 23:08:46,20.28,-76.95,83.46,82,97,2.28
464,Aksha,RU,2020-08-16 23:08:47,50.28,113.29,58.78,92,93,0.6
465,Eenhana,NA,2020-08-16 23:08:47,-17.47,16.33,68.0,22,0,4.7
466,Stokmarknes,NO,2020-08-16 23:08:48,68.56,14.91,50.0,87,91,5.99
467,Thinadhoo,MV,2020-08-16 23:08:48,0.53,72.93,82.8,70,91,2.08
468,Karratha,AU,2020-08-16 23:04:45,-20.74,116.85,65.12,55,33,9.84
469,Pavilosta,LV,2020-08-16 23:08:48,56.89,21.19,55.4,100,90,1.12
470,Pemberton,CA,2020-08-16 23:07:10,50.32,-122.8,93.2,21,5,2.24
471,Grand Falls,CA,2020-08-16 23:08:49,47.05,-67.74,78.8,34,1,4.7
472,Ulaanbaatar,MN,2020-08-16 23:05:48,47.91,106.88,46.4,93,20,4.47
473,Ketchikan,US,2020-08-16 23:08:49,55.34,-131.65,57.2,100,90,9.17
474,Upernavik,GL,2020-08-16 23:08:50,72.79,-56.15,41.34,67,1,4.21
475,Kawalu,ID,2020-08-16 23:08:50,-7.38,108.21,70.39,92,46,0.58
476,Carutapera,BR,2020-08-16 23:08:50,-1.2,-46.02,77.7,80,91,8.97
477,Davidson,US,2020-08-16 23:03:53,36.15,-86.78,84.99,62,75,12.75
478,Siuna,NI,2020-08-16 23:08:51,13.73,-84.78,73.94,95,99,2.84
479,Neryungri,RU,2020-08-16 23:08:51,56.67,124.65,45.37,87,100,7.0
480,Bambanglipuro,ID,2020-08-16 23:08:51,-7.95,110.28,75.34,88,58,5.73
481,Maragogi,BR,2020-08-16 23:08:51,-9.01,-35.22,75.24,83,26,7.92
482,Khipro,PK,2020-08-16 23:08:52,25.83,69.38,87.06,72,86,15.57
483,Meulaboh,ID,2020-08-16 23:05:11,4.14,96.13,75.4,89,93,7.38
484,Silver City,US,2020-08-16 23:08:53,32.77,-108.28,93.2,17,40,10.29
485,Ihosy,MG,2020-08-16 23:08:53,-22.4,46.12,57.56,64,0,2.95
486,Santa Helena,BR,2020-08-16 23:08:54,-2.23,-45.3,75.72,82,55,4.0
487,Nehe,CN,2020-08-16 23:08:54,48.48,124.83,63.16,93,99,8.7
488,Carupano,VE,2020-08-16 23:08:54,10.67,-63.26,80.67,85,62,7.94
489,Kiama,AU,2020-08-16 23:08:55,-34.68,150.87,61.0,62,21,17.0
490,Fuyang,CN,2020-08-16 23:08:55,32.9,115.82,81.84,87,25,0.83
491,Port Hedland,AU,2020-08-16 23:08:55,-20.32,118.57,64.4,100,0,6.93
492,Phangnga,TH,2020-08-16 23:08:55,8.45,98.53,77.0,94,40,1.68
493,Pokaran,IN,2020-08-16 23:08:56,26.92,71.92,88.29,72,58,11.1
494,Fairbanks,US,2020-08-16 23:05:41,64.84,-147.72,70.0,40,1,6.98
495,Paamiut,GL,2020-08-16 23:08:56,61.99,-49.67,44.69,71,0,11.18
496,Bratsk,RU,2020-08-16 23:08:56,56.13,101.61,48.2,61,0,6.71
497,Keti Bandar,PK,2020-08-16 23:08:57,24.14,67.45,83.8,83,100,14.76
498,Sisimiut,GL,2020-08-16 23:08:57,66.94,-53.67,48.61,65,0,5.82
499,Ayan,RU,2020-08-16 23:08:57,56.45,138.17,54.54,89,100,5.44
500,Severskaya,RU,2020-08-16 23:08:57,44.85,38.68,62.01,54,0,4.47
501,Lasa,IT,2020-08-16 23:08:58,46.62,10.7,60.8,93,40,3.36
502,Chiredzi,ZW,2020-08-16 23:08:58,-21.05,31.67,67.89,27,0,13.78
503,Bonthe,SL,2020-08-16 23:08:58,7.53,-12.51,75.99,80,98,9.73
504,Darhan,MN,2020-08-16 23:08:58,49.49,105.92,57.43,66,100,6.15
505,Koidu,SL,2020-08-16 23:08:59,8.42,-10.83,69.66,96,92,1.19
506,Sira,IN,2020-08-16 23:08:59,13.75,76.91,72.68,84,100,11.34
507,Jimeta,NG,2020-08-16 23:08:59,9.28,12.47,77.0,86,100,0.29
508,Lorengau,PG,2020-08-16 23:08:59,-2.02,147.27,83.61,74,54,9.46
509,Green River,US,2020-08-16 23:09:00,41.53,-109.47,84.2,9,1,6.38
510,Laguna,US,2020-08-16 23:09:00,38.42,-121.42,111.0,13,1,9.17
511,Saint-Leu,RE,2020-08-16 23:09:00,-21.15,55.28,66.2,63,35,6.93
512,Coxim,BR,2020-08-16 23:09:01,-18.51,-54.76,84.04,38,12,6.8
513,Port Macquarie,AU,2020-08-16 23:09:01,-31.43,152.92,60.01,60,0,1.99
514,Daru,PG,2020-08-16 23:09:01,-9.08,143.21,78.15,76,1,10.09
515,Hirara,JP,2020-08-16 23:09:02,24.8,125.28,82.4,83,40,12.75
516,Kieta,PG,2020-08-16 23:09:02,-6.22,155.63,83.86,68,1,1.3
517,Lichinga,MZ,2020-08-16 23:09:02,-13.31,35.24,59.38,54,10,4.05
518,Tottori,JP,2020-08-16 23:09:02,35.5,134.23,77.0,78,0,9.17
519,Bani Walid,LY,2020-08-16 23:09:02,31.76,13.99,77.52,55,0,5.79
520,Dong Hoi,VN,2020-08-16 23:09:03,17.48,106.6,77.36,83,98,6.55
521,Gimli,CA,2020-08-16 23:09:03,50.63,-96.99,73.99,69,87,7.0
522,Vanavara,RU,2020-08-16 23:09:04,60.34,102.28,47.08,77,43,4.12
523,Yangambi,CD,2020-08-16 23:09:04,0.81,24.43,71.26,98,100,3.27
524,Andenes,NO,2020-08-16 23:09:04,69.31,16.12,48.2,81,97,20.8
525,Kjollefjord,NO,2020-08-16 23:09:04,70.95,27.35,46.4,81,75,25.28
526,Barra Da Estiva,BR,2020-08-16 23:09:05,-13.63,-41.33,65.86,69,8,6.4
527,Ligatne,LV,2020-08-16 23:09:05,57.23,25.04,64.0,95,0,3.49
528,Murmashi,RU,2020-08-16 23:09:05,68.82,32.81,48.2,70,40,6.71
529,Upington,ZA,2020-08-16 23:09:05,-28.45,21.26,41.0,38,0,1.12
530,Aljezur,PT,2020-08-16 23:09:05,37.32,-8.8,69.01,78,1,6.55
531,Vaitape,PF,2020-08-16 23:09:06,-16.52,-151.75,78.48,70,1,12.28
532,Perumpavur,IN,2020-08-16 23:09:06,10.13,76.48,77.0,100,75,2.24
533,Neuquen,AR,2020-08-16 23:09:06,-38.95,-68.06,57.2,30,10,14.99
534,Anlu,CN,2020-08-16 23:09:07,31.17,112.58,78.6,83,0,6.08
535,Biltine,TD,2020-08-16 23:09:07,14.53,20.92,80.2,75,69,11.07
536,Rio Grande,BR,2020-08-16 23:09:07,-32.03,-52.1,45.0,88,0,5.12
537,Ambilobe,MG,2020-08-16 23:09:07,-13.2,49.05,67.03,84,49,2.77
538,Okhotsk,RU,2020-08-16 23:09:08,59.38,143.3,57.92,81,100,2.86
539,Bakchar,RU,2020-08-16 23:09:08,57.02,82.07,50.18,96,91,3.44
540,Saint-Felicien,CA,2020-08-16 23:08:49,48.65,-72.45,75.2,53,20,6.93
541,Banjar,ID,2020-08-16 23:09:08,-8.19,114.97,78.8,100,75,8.05
542,Tabuleiro Do Norte,BR,2020-08-16 23:09:08,-5.25,-38.13,76.84,70,29,7.74
543,Troitskoye,RU,2020-08-16 23:09:09,52.98,84.68,56.37,94,0,6.53
544,Omsk,RU,2020-08-16 23:05:17,55.0,73.4,62.6,72,75,13.42
545,Nioki,CD,2020-08-16 23:09:09,-2.72,17.68,80.58,67,88,3.2
